,Bias,Variance,TotalError
XGBoost,27.21267261123117,4.402693053878748e-12,27.212672611235572
PCA+Linear,58.88223796613103,8.666306831413852e-30,58.88223796613103
